2222.519766435,26,47385,37,87,61,1012,F,30,29,39,779,766,0,0,0
2223.2106666305,26,48076,37,87,61,1020,F,30,29,36,646,627,0,0,0
2223.403693362,26,48269,38,87,61,1024,F,30,29,0,0,0,40,609,595
2223.6846769235,26,48550,36,87,61,1012,F,30,29,37,750,746,0,0,0
2223.8874278804997,26,48753,36,87,61,1020,F,30,29,39,595,582,0,0,0
2224.089959594,26,48956,36,87,61,1012,F,30,29,37,499,494,0,0,0
2224.2743962615004,26,49141,36,87,61,1020,F,30,29,37,494,479,0,0,0
2224.475285118,26,49341,36,87,61,1016,F,30,29,37,385,382,0,0,0
2225.6848496430002,26,50552,36,87,61,1016,F,30,29,37,764,761,0,0,0
2225.846572119,26,50713,38,87,61,1028,F,30,29,0,0,0,35,703,688
2226.0071196010003,26,50874,39,87,61,1008,F,30,29,37,471,469,0,0,0
2226.1980115255,26,51065,42,87,61,1012,F,30,29,39,416,397,0,0,0
2226.3581463785004,26,51225,38,87,61,1040,F,30,29,0,0,0,37,445,422
2226.518293315,26,51385,38,87,61,1032,F,30,29,41,453,438,0,0,0
2226.679559856,26,51547,40,87,61,1016,F,30,29,42,507,497,0,0,0
2226.8400857495,26,51707,41,87,61,1032,F,30,29,0,0,0,34,476,459
2227.000435055,26,51868,42,87,61,1032,F,30,29,0,0,0,35,528,519
2227.1606158715003,26,52028,37,87,61,1036,F,30,29,0,0,0,39,523,507
2227.3507201955,26,52218,36,87,61,1020,F,30,29,42,571,537,0,0,0
2227.5101562755,26,52378,38,87,61,1020,F,30,29,43,551,537,0,0,0
2227.671616618,26,52539,41,87,61,1028,F,30,29,0,0,0,42,584,565
2227.832881805,26,52701,40,87,61,1036,F,30,29,0,0,0,34,649,631
2227.9929987675,26,52860,39,87,61,1032,F,30,29,36,605,591,0,0,0
2228.1532003135,26,53021,35,87,61,1028,F,30,29,0,0,0,37,631,614
2228.313825477,26,53182,43,87,61,1004,F,30,29,41,503,483,0,0,0
2228.4742019699997,26,53342,39,87,61,1032,F,30,29,0,0,0,41,577,565
2228.6349010655,26,53503,43,87,61,1008,F,30,29,36,600,587,0,0,0
2228.796243596,26,53664,36,87,61,1024,F,30,29,42,559,548,0,0,0
2228.9570211025,26,53825,35,87,61,1032,F,30,29,0,0,0,39,512,502
2229.1174604079997,26,53985,43,87,61,1012,F,30,29,44,561,549,0,0,0
2229.276962842,26,54145,42,87,61,1012,F,30,29,44,574,568,0,0,0
2229.4371636065,26,54306,45,87,61,1012,F,30,29,36,604,589,0,0,0
2229.5968126555,26,54465,36,87,61,1220,F,30,29,36,657,650,0,0,0
2229.7571919085003,26,54625,43,87,61,1012,F,30,29,44,556,552,0,0,0
2229.9190670404996,26,54787,42,87,61,1024,F,30,29,43,572,565,0,0,0
2230.0812613375,26,54950,42,87,61,1048,F,30,29,36,509,496,0,0,0
2230.241464498,26,55111,40,87,61,1032,F,30,29,0,0,0,35,596,569
2230.4025267690004,26,55271,36,87,61,1036,F,30,29,43,573,545,0,0,0
2230.562561102,26,55431,36,87,61,1024,F,30,29,38,626,606,0,0,0
2230.7226430655,26,55592,36,87,61,1020,F,30,29,44,530,521,0,0,0
2230.8826617995,26,55752,37,87,61,1012,F,30,29,36,503,477,0,0,0
2231.045408073,26,55915,42,87,61,1008,F,30,29,36,435,421,0,0,0
2231.7347785095,26,56604,41,87,61,1032,F,30,29,0,0,0,38,633,622
2231.897733584,26,56767,41,87,61,1024,F,30,29,0,0,0,35,598,583
2232.061510843,26,56931,36,87,61,1028,F,30,29,44,567,563,0,0,0
2232.221448796,26,57091,36,87,61,1032,F,30,29,0,0,0,40,564,551
2232.3830202315003,26,57252,43,87,61,1004,F,30,29,43,683,674,0,0,0
2232.543513599,26,57414,42,87,61,1036,F,30,29,0,0,0,35,604,589
2232.7040310805,26,57574,42,87,61,1144,F,30,29,37,514,506,0,0,0
2232.864197158,26,57734,35,87,61,1036,F,30,29,0,0,0,37,459,452
2233.025084742,26,57895,43,87,61,1016,F,30,29,43,375,362,0,0,0
2233.1849930865,26,58055,42,87,61,1016,F,30,29,37,379,369,0,0,0
2233.345834369,26,58216,41,87,61,1032,F,30,29,0,0,0,34,465,457
2233.5061423725,26,58376,42,87,61,1020,F,30,29,42,441,417,0,0,0
2233.6960358895,26,58567,35,87,61,1028,F,30,29,0,0,0,41,382,363
2233.856615793,26,58727,43,87,61,1028,F,30,29,0,0,0,41,447,439
2234.0163615855,26,58887,41,87,61,1016,F,30,29,44,518,514,0,0,0
2234.209195636,26,59080,39,87,61,1036,F,30,29,0,0,0,35,542,514
2234.369059345,26,59240,37,87,61,1032,F,30,29,0,0,0,40,395,385
2234.5284078995,26,59399,36,87,61,1024,F,30,29,44,396,382,0,0,0
2234.718354307,26,59589,42,87,61,1032,F,30,29,0,0,0,42,440,433
2234.8850200674997,26,59756,40,87,61,1036,F,30,29,0,0,0,35,456,451
2235.0462155155,26,59917,43,87,61,1028,F,30,29,0,0,0,34,508,502
2235.20580321,26,60077,35,87,61,1032,F,30,29,0,0,0,41,548,544
2235.3651221295004,26,60236,43,87,61,1020,F,30,29,44,579,566,0,0,0
2235.5243967005,26,60396,44,87,61,1020,F,30,29,44,588,575,0,0,0
2235.684528794,26,60555,43,87,61,1016,F,30,29,44,584,566,0,0,0
2235.8453331234996,26,60717,44,87,61,1016,F,30,29,43,507,495,0,0,0
2236.0044863665,26,60876,41,87,61,1028,F,30,29,44,508,503,0,0,0
2236.1640770559998,26,61035,43,87,61,1012,F,30,29,44,500,478,0,0,0
2236.3234704025,26,61195,40,87,61,1044,F,30,29,0,0,0,42,522,518
2236.482940129,26,61355,36,87,61,1020,F,30,29,43,587,574,0,0,0
2236.642920582,26,61514,43,87,61,1012,F,30,29,36,593,580,0,0,0
2236.8030473885,26,61675,36,87,61,1024,F,30,29,43,539,516,0,0,0
2236.9634008605,26,61835,43,87,61,1012,F,30,29,36,513,478,0,0,0
2237.1226048855,26,61995,44,87,61,1012,F,30,29,43,515,500,0,0,0
2237.282216304,26,62154,44,87,61,1012,F,30,29,36,525,474,0,0,0
2237.473036171,26,62345,35,87,61,1036,F,30,29,0,0,0,38,497,485
2237.6332015710004,26,62505,36,87,61,1028,F,30,29,44,536,521,0,0,0
2237.792495699,26,62665,41,87,61,1040,F,30,29,0,0,0,38,654,643
2237.952131805,26,62824,36,87,61,1020,F,30,29,44,702,687,0,0,0
2238.1112958555,26,62984,43,87,61,1012,F,30,29,37,595,586,0,0,0
2238.2715010735,26,63144,40,87,61,1040,F,30,29,0,0,0,37,476,462
2238.431984467,26,63305,36,87,61,1028,F,30,29,42,389,374,0,0,0
2238.622949125,26,63495,42,87,61,1032,F,30,29,0,0,0,38,503,492
2238.7828724425,26,63656,35,87,61,1032,F,30,29,0,0,0,39,532,526
2238.942656907,26,63815,41,87,61,1004,F,30,29,0,0,0,35,584,568
2239.1023497574997,26,63975,42,87,61,1024,F,30,29,0,0,0,35,450,434
2239.2626041935,26,64135,36,87,61,1016,F,30,29,36,530,510,0,0,0
2239.422050509,26,64295,35,87,61,1036,F,30,29,0,0,0,41,526,511
2239.5822864035,26,64455,35,87,61,1028,F,30,29,0,0,0,35,570,566
2239.74170488,26,64614,36,87,61,1012,F,30,29,37,585,580,0,0,0
2239.9016259845002,26,64775,36,87,61,1028,F,30,29,0,0,0,34,625,604
2240.0611767525,26,64935,36,87,61,1012,F,30,29,36,660,640,0,0,0
2240.22060351,26,65094,35,87,61,1028,F,30,29,0,0,0,35,713,647
2240.3806538325,26,65254,36,87,61,1012,F,30,29,36,679,604,0,0,0
2240.5405077494997,26,65414,35,87,61,1032,F,30,29,0,0,0,34,622,607
2240.6999682574997,26,65535,36,87,61,1016,F,30,29,39,404,389,0,0,0
2240.8602094645,26,65535,36,87,61,1012,F,30,29,37,384,367,0,0,0
2241.019577212,26,65535,40,87,61,1016,F,30,29,36,395,377,0,0,0
2241.2108939515,26,65535,35,87,61,1032,F,30,29,36,425,408,0,0,0
2241.372301143,26,65535,36,87,61,1020,F,30,29,36,469,455,0,0,0
2241.5316592030003,26,65535,41,87,61,1012,F,30,29,44,457,436,0,0,0
2241.691925228,26,65535,36,87,61,1012,F,30,29,37,388,379,0,0,0
2241.8517767495,26,65535,37,87,61,1012,F,30,29,36,415,410,0,0,0
2242.0117497544998,26,65535,36,87,61,1016,F,30,29,36,439,425,0,0,0
2242.172169581,26,65535,35,87,61,1036,F,30,29,0,0,0,34,479,468
2242.3321127165,26,65535,36,87,61,1016,F,30,29,42,568,550,0,0,0
2242.49141497,26,65535,35,87,61,1036,F,30,29,0,0,0,35,535,519
2242.6507810505,26,65535,37,87,61,1016,F,30,29,37,421,409,0,0,0
2242.8103528595,26,65535,39,87,61,1036,F,30,29,0,0,0,34,468,452
2242.9695669885,26,65535,43,87,61,1004,F,30,29,37,537,527,0,0,0
2243.130150303,26,65535,42,87,61,1028,F,30,29,0,0,0,35,577,562
2243.319074163,26,65535,37,87,61,1032,F,30,29,42,578,558,0,0,0
2243.4802519024997,26,65535,36,87,61,1036,F,30,29,0,0,0,36,495,481
2243.639889128,26,65535,40,87,61,1032,F,30,29,0,0,0,35,456,403
2243.7998134875,26,65535,36,87,61,1032,F,30,29,0,0,0,36,503,501
2243.9597687064997,26,65535,36,87,61,1028,F,30,29,0,0,0,38,466,450
2244.119250152,26,65535,38,87,61,1012,F,30,29,38,440,418,0,0,0
2244.279176256,26,65535,36,87,61,1036,F,30,29,0,0,0,34,458,447
2244.439050173,26,65535,36,87,61,1024,F,30,29,37,532,517,0,0,0
2244.5989535695,26,65535,43,87,61,1008,F,30,29,36,596,582,0,0,0
2244.7585497540003,26,65535,44,87,61,1008,F,30,29,39,568,549,0,0,0
2244.9476063735,26,65535,35,87,61,1028,F,30,29,0,0,0,34,497,480
2245.1085498949997,26,65535,40,87,61,1020,F,30,29,43,542,515,0,0,0
2245.2686645925,26,65535,36,87,61,1020,F,30,29,44,585,572,0,0,0
2245.4886894015,26,65535,35,87,61,1036,F,30,29,36,643,591,0,0,0
2245.6503552895,26,65535,36,87,61,1016,F,30,29,37,657,650,0,0,0
2245.8091484045,26,65535,36,87,61,1012,F,30,29,36,664,547,0,0,0
2245.9685415425,26,65535,35,87,61,1036,F,30,29,0,0,0,35,651,636
2246.1280435344997,26,65535,36,87,61,1112,F,30,29,36,581,562,0,0,0
2246.2875719844997,26,65535,36,87,61,1040,F,30,29,0,0,0,35,545,530
2246.4475041825,26,65535,37,87,61,1020,F,30,29,41,608,599,0,0,0
2246.6083065069997,26,65535,38,87,61,1024,F,30,29,36,503,483,0,0,0
2246.767936415,26,65535,36,87,61,1024,F,30,29,0,0,0,35,433,358
2246.9272036419998,26,65535,36,87,61,1016,F,30,29,39,441,429,0,0,0
2247.1175121315,26,65535,36,87,61,1016,F,30,29,37,483,477,0,0,0
2247.3071687744996,26,65535,35,87,61,1032,F,30,29,0,0,0,35,448,432
2247.4672561019997,26,65535,41,87,61,1032,F,30,29,0,0,0,35,408,393
2247.6274305385,26,65535,36,87,61,1028,F,30,29,0,0,0,34,492,479
2247.786577688,26,65535,36,87,61,1012,F,30,29,37,542,528,0,0,0
2247.9460855654997,26,65535,36,87,61,1016,F,30,29,44,565,554,0,0,0
2248.105947686,26,65535,38,87,61,1024,F,30,29,43,601,592,0,0,0
2248.2661160805,26,65535,36,87,61,1012,F,30,29,36,581,568,0,0,0
2248.4250782569998,26,65535,35,87,61,1036,F,30,29,0,0,0,35,542,526
2248.5844645204998,26,65535,42,87,61,1012,F,30,29,41,490,480,0,0,0
2248.744446302,26,65535,42,87,61,1008,F,30,29,36,515,482,0,0,0
2248.9035483999996,26,65535,37,87,61,1020,F,30,29,37,531,523,0,0,0
2249.063387265,26,65535,43,87,61,1008,F,30,29,42,508,483,0,0,0
2249.2226305599997,26,65535,44,87,61,1012,F,30,29,36,443,429,0,0,0
2249.4123171769997,26,65535,39,87,61,1036,F,30,29,0,0,0,42,411,395
2249.5737093425,26,65535,36,87,61,1032,F,30,29,0,0,0,42,430,428
2249.7334020365,26,65535,36,87,61,1028,F,30,29,0,0,0,40,466,458
2249.892896893,26,65535,36,87,61,1028,F,30,29,0,0,0,37,498,491
2250.053065392,26,65535,43,87,61,1028,F,30,29,0,0,0,34,455,452
2250.213482406,26,65535,42,87,61,1012,F,30,29,37,529,515,0,0,0
2250.3740082465,26,65535,37,87,61,1036,F,30,29,0,0,0,36,535,454
2250.533972528,26,65535,37,87,61,1028,F,30,29,44,533,519,0,0,0
2250.69315348,26,65535,37,87,61,1024,F,30,29,0,0,0,38,453,450
2250.8532244794997,26,65535,41,87,61,1012,F,30,29,42,548,538,0,0,0
2251.0128289189997,26,65535,46,87,61,1036,T,30,29,38,491,485,0,0,0
2251.1725283315,26,65535,43,87,61,1012,T,30,29,0,0,0,36,574,571
2251.335112575,26,65535,37,87,61,1036,T,30,29,0,0,0,36,630,613
2251.4946881855003,27,504,41,87,46,1028,F,33,29,41,667,653,0,0,0
2251.6581074775,27,668,36,87,46,1032,F,33,29,46,674,661,0,0,0
2251.818648266,27,829,36,87,46,1036,F,33,29,0,0,0,36,502,487
2251.9786041885,27,988,37,87,46,1020,F,33,29,37,433,419,0,0,0
2252.1384161264996,27,1148,36,87,46,1032,F,33,29,0,0,0,34,462,456
2252.2984059805,27,1309,37,87,46,1008,F,33,29,36,494,476,0,0,0
2252.458493673,27,1469,36,87,46,1024,F,33,29,0,0,0,36,410,378
2252.6187507395,27,1629,38,87,46,1028,F,33,29,0,0,0,34,463,456
2252.8131638705,27,1823,39,87,46,1012,F,33,29,37,520,515,0,0,0
2252.9724494835,27,1983,38,87,46,1028,F,33,29,0,0,0,35,504,478
2253.131821971,27,2142,40,87,46,1016,F,33,29,41,386,384,0,0,0
2253.2916323985,27,2302,42,87,46,1012,F,33,29,43,421,409,0,0,0
2253.451061422,27,2462,39,87,46,1044,F,33,29,0,0,0,36,444,433
2253.6106505489997,27,2621,38,87,46,1024,F,33,29,0,0,0,37,539,517
2253.7707121475,27,2782,37,87,46,1032,F,33,29,0,0,0,40,522,516
2253.929908646,27,2940,39,87,46,1016,F,33,29,43,539,523,0,0,0
2254.08982061,27,3101,38,87,46,1020,F,33,29,0,0,0,37,552,547
2254.2498033545,27,3261,39,87,46,1020,F,33,29,0,0,0,37,573,561
2254.4094637575,27,3420,42,87,46,1008,F,33,29,38,651,648,0,0,0
2254.5989026409998,27,3610,45,87,46,1012,F,33,29,39,700,686,0,0,0
2254.75816216,27,3769,46,87,46,1036,T,33,29,39,611,597,0,0,0
2254.9182407895,27,3930,52,87,46,1044,T,33,29,41,598,584,0,0,0
2255.092554457,27,4104,59,87,46,1036,T,33,29,43,683,680,0,0,0
2255.261501978,27,4273,71,87,46,1040,T,33,29,0,0,0,39,831,822
2255.433258548,27,4444,69,87,46,1028,T,33,29,43,957,944,0,0,0
2255.606642012,29,126,53,87,85,1032,F,66,29,0,0,0,42,1117,1102
2255.812483528,29,332,56,87,85,1032,F,66,29,0,0,0,42,1194,1167
2255.9874252655,29,507,39,87,85,1032,F,66,29,0,0,0,42,1327,1313
2256.173523878,29,694,38,87,85,1028,F,66,29,79,836,822,0,0,0
2256.3523918994997,29,872,43,87,85,1028,F,66,29,0,0,0,39,391,375
2256.567307279,29,1087,42,87,85,1040,F,66,29,0,0,0,37,470,422
2256.7482602910004,29,1268,44,87,85,1020,F,66,29,0,0,0,41,509,496
2256.9305249894996,29,1450,41,87,85,1032,F,66,29,44,618,602,0,0,0
2257.136309422,29,1656,44,87,85,1016,F,66,29,45,724,708,0,0,0
2257.3173105325,29,1838,43,87,85,1028,F,66,29,0,0,0,42,633,622
2257.4995621835,29,2020,42,87,85,1024,F,66,29,44,566,558,0,0,0
2257.683177527,29,2203,36,87,85,1028,F,66,29,44,426,406,0,0,0
2257.864061685,29,2385,42,87,85,1016,F,66,29,43,466,454,0,0,0
2258.0447633960002,29,2565,42,87,85,1012,F,66,29,38,519,514,0,0,0
2258.2256711729997,29,2747,40,87,85,1032,F,66,29,0,0,0,40,476,437
2258.4064481180003,29,2927,36,87,85,1028,F,66,29,43,479,457,0,0,0
2258.5894103655,29,3110,36,87,85,1020,F,66,29,42,485,478,0,0,0
2258.7646850185,29,3285,43,87,85,1012,F,66,29,43,578,575,0,0,0
2258.9251611725,29,3446,36,87,85,1028,F,66,29,0,0,0,35,463,432
2259.1177980354996,29,3639,41,87,85,1012,F,66,29,41,435,424,0,0,0
2259.3079851195,29,3829,39,87,85,1012,F,66,29,37,463,460,0,0,0
2259.467733073,29,3989,37,87,85,1032,F,66,29,0,0,0,36,482,458
2259.6284505020003,29,4149,42,87,85,1008,F,66,29,37,450,440,0,0,0
2259.7886813705,29,4310,41,87,85,1012,F,66,29,43,424,417,0,0,0
2259.9775291895003,29,4499,36,87,85,1036,F,66,29,0,0,0,36,329,322
2260.138145135,29,4659,38,87,85,1028,F,66,29,40,405,393,0,0,0
2260.298571133,29,4820,41,87,85,1008,F,66,29,0,0,0,37,489,482
2260.458493409,29,4981,42,87,85,1028,F,66,29,0,0,0,35,402,387
2260.6180623535,29,5140,42,87,85,1028,F,66,29,0,0,0,41,343,341
2260.777344815,29,5299,36,87,85,1032,F,66,29,0,0,0,41,409,406
2260.937215477,29,5459,36,87,85,1016,F,66,29,41,417,407,0,0,0
2261.0965241625,29,5618,44,87,85,1008,F,66,29,39,448,431,0,0,0
2261.256524876,29,5779,36,87,85,1016,F,66,29,36,436,422,0,0,0
2261.4166148080003,29,5939,37,87,85,1028,F,66,29,0,0,0,36,426,393
2261.5760483365,29,6099,36,87,85,1032,F,66,29,0,0,0,37,468,451
2261.7361636064998,29,6258,44,87,85,1016,F,66,29,37,565,555,0,0,0
2261.8952970065,29,6418,39,87,85,1032,F,66,29,0,0,0,35,631,611
2262.054647202,29,6577,37,87,85,1032,F,66,29,0,0,0,35,470,448
2262.2139942205,29,6736,42,87,85,1016,F,66,29,44,503,493,0,0,0
2262.3736132695,29,6896,35,87,85,1040,F,66,29,0,0,0,39,508,499
2262.533704347,29,7057,41,87,85,1036,F,66,29,0,0,0,34,466,462
2262.6932071720003,29,7216,42,87,85,1012,F,66,29,42,485,480,0,0,0
2262.8544026715,29,7377,38,87,85,1040,F,66,29,0,0,0,35,505,490
2263.0146453895004,29,7538,41,87,85,1028,F,66,29,0,0,0,39,499,487
2263.174435062,29,7698,36,87,85,1032,F,66,29,0,0,0,36,541,536
2263.334304474,29,7857,40,87,85,1024,F,66,29,43,588,574,0,0,0
2263.4936474039996,29,8017,36,87,85,1036,F,66,29,42,506,503,0,0,0
2263.6531183805,29,8176,42,87,85,1024,F,66,29,43,580,551,0,0,0
2263.8429030435,29,8366,42,87,85,1012,F,66,29,39,478,444,0,0,0
2264.002568629,29,8526,36,87,85,1032,F,66,29,38,522,509,0,0,0
2264.161907861,29,8685,40,87,85,1016,F,66,29,42,442,438,0,0,0
2264.32169295,29,8845,40,87,85,1020,F,66,29,36,344,333,0,0,0
2264.481456295,29,9005,40,87,85,1036,F,66,29,0,0,0,39,358,348
2264.6415627115002,29,9165,41,87,85,1008,F,66,29,0,0,0,40,399,384
2264.8010350414997,29,9325,35,87,85,1040,F,66,29,0,0,0,38,399,389
2264.9935554735002,29,9518,43,87,85,1032,F,66,29,0,0,0,35,503,494
2265.1542140745,29,9678,40,87,85,1028,F,66,29,0,0,0,40,619,617
2265.3140068724997,29,9838,42,87,85,1020,F,66,29,42,724,696,0,0,0
2265.4737783945,29,9998,37,87,85,1032,F,66,29,0,0,0,34,669,652
2265.634149731,29,10159,35,87,85,1032,F,66,29,0,0,0,39,385,370
2265.7940150545,29,10318,43,87,85,1012,F,66,29,41,435,406,0,0,0
2265.9540444394997,29,10479,40,87,85,1032,F,66,29,0,0,0,37,507,502
2266.1314285355,29,10670,43,87,85,1008,F,66,29,37,573,562,0,0,0
2266.3053630645,29,10830,39,87,85,1028,F,66,29,43,542,517,0,0,0
2266.4656386204997,29,10990,36,87,85,1020,F,66,29,42,460,432,0,0,0
2266.6558689585,29,11181,39,87,85,1048,F,66,29,0,0,0,38,385,378
2266.8240757535,29,11349,42,87,85,1016,F,66,29,0,0,0,35,488,470
2267.016822799,29,11542,36,87,85,1032,F,66,29,0,0,0,35,608,593
2267.1777499665,29,11703,36,87,85,1016,F,66,29,44,611,609,0,0,0
2267.3376298995,29,11862,39,87,85,1020,F,66,29,43,602,597,0,0,0
2267.498145142,29,12023,36,87,85,1028,F,66,29,36,446,432,0,0,0
2267.658964315,29,12184,40,87,85,1040,F,66,29,0,0,0,33,469,467
2267.8189006800003,29,12344,40,87,85,1028,F,66,29,0,0,0,37,477,464
2267.9787655604996,29,12504,42,87,85,1032,F,66,29,0,0,0,35,492,467
2268.1389765075,29,12664,40,87,85,1032,F,66,29,0,0,0,34,468,457
2268.2997265925,29,12825,42,87,85,1004,F,66,29,41,494,489,0,0,0
2268.4601584495,29,12986,43,87,85,1032,F,66,29,0,0,0,37,475,464
2268.6201256735,29,13145,43,87,85,1012,F,66,29,43,444,422,0,0,0
2268.780588338,29,13306,35,87,85,1040,F,66,29,0,0,0,41,521,509
2268.9721619775,29,13498,36,87,85,1024,F,66,29,42,645,614,0,0,0
2269.133553023,29,13659,42,87,85,1012,F,66,29,42,606,592,0,0,0
2269.29394199,29,13820,41,87,85,1016,F,66,29,44,693,689,0,0,0
2269.4542677014997,29,13980,35,87,85,1036,F,66,29,0,0,0,34,673,649
2269.614910834,29,14141,35,87,85,1032,F,66,29,0,0,0,35,625,602
2269.7744476175003,29,14301,36,87,85,1016,F,66,29,42,566,553,0,0,0
2269.933837917,29,14460,35,87,85,1036,F,66,29,0,0,0,34,484,468
2270.0938561045,29,14620,37,87,85,1032,F,66,29,37,424,421,0,0,0
2270.283453607,29,14810,37,87,85,1040,F,66,29,37,409,397,0,0,0
2270.4452699115,29,14972,36,87,85,1036,F,66,29,37,466,458,0,0,0
2270.6081554029997,29,15134,38,87,85,1016,F,66,29,40,480,464,0,0,0
2270.7676772905,29,15294,43,87,85,1016,F,66,29,37,382,376,0,0,0
2270.927182147,29,15454,40,87,85,1032,F,66,29,0,0,0,34,466,452
2271.0881497829996,29,15615,42,87,85,1032,F,66,29,0,0,0,41,405,394
2271.2480263825,29,15775,35,87,85,1044,F,66,29,0,0,0,37,467,456
2271.4080122,29,15934,43,87,85,1012,F,66,29,43,414,398,0,0,0
2271.5681043975,29,16095,41,87,85,1032,F,66,29,0,0,0,35,471,451
2271.7283821150004,29,16255,44,87,85,1012,F,66,29,37,521,517,0,0,0
2271.8882294175,29,16416,41,87,85,1036,T,66,29,0,0,0,38,576,567
2272.048703202,29,16576,41,87,85,1028,T,66,29,43,668,645,0,0,0
2272.2208492235,29,16748,42,87,85,1028,T,66,29,44,528,490,0,0,0
2272.3905128605,29,16918,44,87,85,1008,T,66,29,0,0,0,39,505,479
2272.5614989655,29,17089,49,87,85,1040,T,66,29,42,500,487,0,0,0
2272.7332452755,29,17261,81,87,85,1036,T,66,29,0,0,0,40,628,613
2272.9034432335,31,91,73,87,86,1040,F,72,29,0,0,0,42,681,679
2273.1055463804996,31,293,43,87,86,1032,F,72,29,45,827,812,0,0,0
2273.2816435295,31,470,41,87,86,1036,F,72,29,0,0,0,44,923,884
2273.4502360785,31,638,41,87,86,1040,F,72,29,0,0,0,72,710,705
2273.6300111265,31,818,39,87,86,1032,F,72,29,86,823,813,0,0,0
2273.806131453,31,994,43,87,86,1024,F,72,29,0,0,0,39,512,495
2273.9854250715,31,1174,40,87,86,1024,F,72,29,45,591,571,0,0,0
2274.173433779,31,1362,39,87,86,1028,F,72,29,44,480,463,0,0,0
2274.3603136379998,31,1549,37,87,86,1032,F,72,29,0,0,0,38,541,530
2274.5414674824997,31,1730,37,87,86,1036,F,72,29,0,0,0,38,545,533
2274.723408354,31,1912,41,87,86,1036,F,72,29,0,0,0,41,452,446
2274.9066817195,31,2095,42,87,86,1016,F,72,29,39,414,403,0,0,0
2275.0894746450003,31,2278,41,87,86,1036,F,72,29,0,0,0,40,387,371
2275.295906288,31,2484,36,87,86,1024,F,72,29,42,354,343,0,0,0
2275.4795349905,31,2668,39,87,86,1028,F,72,29,43,471,469,0,0,0
2275.6634658265,31,2852,40,87,86,1036,F,72,29,0,0,0,35,433,417
2275.839307196,31,3028,42,87,86,1020,F,72,29,0,0,0,37,340,331
2275.9999460830004,31,3189,36,87,86,1020,F,72,29,43,433,428,0,0,0
2276.1604349715,31,3349,42,87,86,1004,F,72,29,41,531,522,0,0,0
2276.3214326335,31,3510,41,87,86,1016,F,72,29,44,534,524,0,0,0
2276.4823318585004,31,3671,41,87,86,1028,F,72,29,0,0,0,34,452,446
2276.6631806515,31,3872,42,87,86,1012,F,72,29,42,469,453,0,0,0
2276.84293893,31,4032,36,87,86,1024,F,72,29,41,550,534,0,0,0
2277.0028170655,31,4192,40,87,86,1024,F,72,29,42,571,554,0,0,0
2277.1626896025,31,4352,42,87,86,1032,F,72,29,0,0,0,40,551,546
2277.328670861,31,4518,40,87,86,1032,F,72,29,0,0,0,34,471,455
2277.489118187,31,4679,38,87,86,1032,F,72,29,0,0,0,38,429,410
2277.6493820505,31,4839,37,87,86,1032,F,72,29,0,0,0,36,469,463
2277.810021771,31,5000,43,87,86,1028,F,72,29,0,0,0,40,516,504
2277.9702394365004,31,5160,36,87,86,1020,F,72,29,42,599,590,0,0,0
2278.130528977,31,5321,36,87,86,1024,F,72,29,0,0,0,35,634,627
2278.2904568525,31,5480,36,87,86,1020,F,72,29,43,576,563,0,0,0
2278.452563155,31,5642,36,87,86,1020,F,72,29,37,490,487,0,0,0
2278.6128637109996,31,5802,37,87,86,1012,F,72,29,37,443,436,0,0,0
2278.772745206,31,5963,38,87,86,1012,F,72,29,38,455,436,0,0,0
2278.9331953445,31,6124,41,87,86,1028,F,72,29,0,0,0,34,472,469
2279.0943734485,31,6284,42,87,86,1008,F,72,29,38,411,396,0,0,0
2279.2557133225,31,6446,36,87,86,1024,F,72,29,38,455,438,0,0,0
2279.4160053885,31,6607,39,87,86,1036,F,72,29,0,0,0,41,513,502
2279.576112846,31,6767,44,87,86,1008,F,72,29,43,582,574,0,0,0
2279.735738041,31,6927,40,87,86,1032,F,72,29,0,0,0,35,594,579
2279.8960527110003,31,7087,43,87,86,1020,F,72,29,43,579,542,0,0,0
2280.0598422089997,31,7251,36,87,86,1028,F,72,29,0,0,0,39,454,446
2280.2199056045,31,7411,41,87,86,1016,F,72,29,43,417,408,0,0,0
2280.3799341040003,31,7571,41,87,86,1044,F,72,29,0,0,0,36,433,418
2280.539929453,31,7731,43,87,86,1016,F,72,29,44,415,402,0,0,0
2280.700509096,31,7891,43,87,86,1012,F,72,29,43,496,491,0,0,0
2280.8614055085,31,8052,36,87,86,1028,F,72,29,44,536,511,0,0,0
2281.021738512,31,8213,43,87,86,1028,F,72,29,0,0,0,38,579,575
2281.1818095895,31,8373,41,87,86,1032,F,72,29,0,0,0,38,626,613
2281.343276833,31,8535,44,87,86,1008,F,72,29,36,544,500,0,0,0
2281.506775421,31,8698,41,87,86,1020,F,72,29,43,432,414,0,0,0
2281.6671186065,31,8859,36,87,86,1032,F,72,29,0,0,0,41,528,501
2281.828599183,31,9021,40,87,86,1040,F,72,29,0,0,0,40,436,430
2281.9946543215,31,9187,43,87,86,1028,F,72,29,0,0,0,36,360,346
2282.155196699,31,9347,38,87,86,1032,F,72,29,0,0,0,34,479,473
2282.315400172,31,9507,44,87,86,1004,F,72,29,43,531,523,0,0,0
2282.4758458315,31,9667,36,87,86,1024,F,72,29,44,604,589,0,0,0
2282.6372822155,31,9830,36,87,86,1020,F,72,29,44,434,420,0,0,0
2282.7969404565,31,9989,44,87,86,1012,F,72,29,0,0,0,43,539,522
2282.9572101004997,31,10149,42,87,86,1004,F,72,29,36,462,449,0,0,0
2283.1166218585004,31,10309,42,87,86,1032,F,72,29,0,0,0,43,340,333
2283.27668403,31,10469,36,87,86,1016,F,72,29,41,378,366,0,0,0
2283.436895081,31,10630,42,87,86,1032,F,72,29,0,0,0,37,461,451
2283.6267629475,31,10819,43,87,86,1016,F,72,29,43,539,535,0,0,0
2283.7867987385,31,10980,42,87,86,1036,F,72,29,0,0,0,35,585,570
2283.9766279590003,31,11169,42,87,86,1028,F,72,29,0,0,0,40,397,389
2284.166519575,31,11359,36,87,86,1032,F,72,29,0,0,0,41,319,308
2284.3254918815,31,11518,36,87,86,1024,F,72,29,42,431,421,0,0,0
2284.4852908515,31,11678,40,87,86,1032,F,72,29,0,0,0,35,482,459
2284.6445332089997,31,11838,36,87,86,1016,F,72,29,37,537,514,0,0,0
2284.8038105144997,31,11996,36,87,86,1016,F,72,29,36,435,421,0,0,0
2284.9639054465,31,12157,42,87,86,1028,F,72,29,0,0,0,35,468,448
2285.1526569895,31,12346,41,87,86,1012,F,72,29,36,467,453,0,0,0
2285.3424176945,31,12536,40,87,86,1032,F,72,29,0,0,0,35,481,462
2285.5030494205002,31,12696,40,87,86,1024,F,72,29,41,382,362,0,0,0
2285.692812886,31,12886,42,87,86,1036,F,72,29,0,0,0,39,427,405
2285.85327891,31,13046,41,87,86,1012,F,72,29,40,473,455,0,0,0
2286.0128244435,31,13206,40,87,86,1032,F,72,29,0,0,0,36,488,481
2286.172429716,31,13366,42,87,86,1024,F,72,29,0,0,0,38,403,389
2286.3317292869997,31,13526,42,87,86,1028,F,72,29,0,0,0,36,464,460
2286.4912123465,31,13685,37,87,86,1024,F,72,29,42,521,510,0,0,0
2286.6518012859997,31,13846,43,87,86,1016,F,72,29,43,521,508,0,0,0
2286.8116274955,31,14006,41,87,86,1028,F,72,29,44,427,414,0,0,0
2286.9718708114997,31,14166,42,87,86,1036,F,72,29,0,0,0,40,420,410
2287.132229154,31,14327,40,87,86,1032,F,72,29,0,0,0,42,545,528
2287.2919009365,31,14486,36,87,86,1028,F,72,29,44,577,567,0,0,0
2287.4517304789997,31,14646,36,87,86,1040,F,72,29,0,0,0,36,630,625
2287.611319554,31,14806,38,87,86,1024,F,72,29,45,697,682,0,0,0
2287.7719461495,31,14966,39,87,86,1020,F,72,29,41,456,446,0,0,0
2287.931489313,31,15126,41,87,86,1024,T,72,29,0,0,0,33,478,473
2288.0910704195003,31,15286,40,87,86,1024,T,72,29,38,515,500,0,0,0
2288.266018928,31,15461,41,87,86,1032,T,72,29,39,520,501,0,0,0
2288.437042064,31,15632,42,87,86,1016,T,72,29,0,0,0,37,665,650
2288.607793743,31,15802,45,87,86,1016,T,72,29,0,0,0,39,558,543
2288.7798925509996,31,15974,46,87,86,1020,T,72,29,0,0,0,38,640,611
2288.9483874175003,31,16144,65,87,86,1048,T,72,29,40,766,753,0,0,0
2289.1184407145,33,78,51,87,75,1040,F,62,29,0,0,0,45,556,541
2289.4927094405,34,347,44,87,65,1036,F,51,29,75,455,451,0,0,0
2289.680454791,34,535,38,87,65,1044,F,51,29,0,0,0,49,481,476
2289.859250313,34,714,41,87,65,1040,F,51,29,0,0,0,45,489,474
2290.035167671,34,890,42,87,65,1036,F,51,29,0,0,0,39,511,507
2290.2192830900003,34,1074,38,87,65,1040,F,51,29,0,0,0,36,521,518
2290.4030019740003,34,1258,36,87,65,1036,F,51,29,0,0,0,39,444,435
2290.5844050100004,34,1439,42,87,65,1024,F,51,29,0,0,0,38,533,504
2290.766139268,34,1621,40,87,65,1028,F,51,29,41,551,542,0,0,0
2290.949596773,34,1805,43,87,65,1028,F,51,29,0,0,0,36,573,557
2291.2089475185,34,2064,36,87,65,1032,F,51,29,0,0,0,43,516,504
2291.3923043475,34,2248,36,87,65,1024,F,51,29,42,576,551,0,0,0
2291.5736710035,34,2429,42,87,65,1036,F,51,29,44,574,544,0,0,0
2291.7530371735,34,2609,35,87,65,1036,F,51,29,0,0,0,34,542,524
2291.9336661240004,34,2789,36,87,65,1036,F,51,29,0,0,0,33,507,493
2292.1114359735,34,2966,36,87,65,1020,F,51,29,42,561,549,0,0,0
2292.271549499,34,3127,36,87,65,1016,F,51,29,36,534,512,0,0,0
2292.46173403,34,3317,36,87,65,1116,F,51,29,37,368,354,0,0,0
2292.6218993005,34,3477,36,87,65,1016,F,51,29,37,423,415,0,0,0
2292.782338944,34,3638,36,87,65,1016,F,51,29,37,422,411,0,0,0
2292.953769448,34,3810,38,87,65,1012,F,51,29,37,503,500,0,0,0
2293.143671559,34,3999,37,87,65,1064,F,51,29,36,477,452,0,0,0
2293.3041130515,34,4160,36,87,65,1020,F,51,29,36,550,527,0,0,0
2293.4647964445003,34,4321,35,87,65,1032,F,51,29,0,0,0,37,494,479
2293.6249074955,34,4481,36,87,65,1028,F,51,29,0,0,0,34,467,462
2293.785700575,34,4642,36,87,65,1032,F,51,29,0,0,0,35,541,526
2293.9458651155,34,4802,36,87,65,1028,F,51,29,0,0,0,35,517,498
2294.106518535,34,4963,37,87,65,1032,F,51,29,0,0,0,36,357,343
2294.2665137795,34,5123,36,87,65,1036,F,51,29,0,0,0,36,418,403
2294.4266588675,34,5283,35,87,65,1040,F,51,29,0,0,0,35,474,466
2294.5870369225,34,5444,36,87,65,1032,F,51,29,0,0,0,35,465,461
2294.7472635465,34,5604,37,87,65,1004,F,51,29,40,538,532,0,0,0
2294.9085909725,34,5765,36,87,65,1012,F,51,29,37,561,547,0,0,0
2295.071062534,34,5928,36,87,65,1052,F,51,29,36,619,604,0,0,0
2295.2314288705,34,6088,39,87,65,1052,F,51,29,37,589,566,0,0,0
2295.3921915075,34,6249,36,87,65,1028,F,51,29,0,0,0,35,596,581
2295.5526361775,34,6410,36,87,65,1032,F,51,29,0,0,0,35,528,512
2295.713303763,34,6570,36,87,65,1032,F,51,29,0,0,0,34,464,451
2295.875280665,34,6733,36,87,65,1036,F,51,29,0,0,0,36,523,487
2296.036332363,34,6893,35,87,65,1040,F,51,29,0,0,0,34,457,454
2296.197978069,34,7055,36,87,65,1028,F,51,29,0,0,0,34,462,453
2296.388839941,34,7246,35,87,65,1040,F,51,29,0,0,0,36,436,404
2296.5506323645,34,7408,37,87,65,1004,F,51,29,38,458,444,0,0,0
2296.7111642735,34,7569,35,87,65,1040,F,51,29,0,0,0,35,382,367
2296.8703293139997,34,7728,36,87,65,1004,F,51,29,37,371,335,0,0,0
2297.02986529,34,7888,37,87,65,1008,F,51,29,37,406,402,0,0,0
2297.190635088,34,8049,36,87,65,1028,F,51,29,0,0,0,35,504,502
2297.3519668110002,34,8210,36,87,65,1016,F,51,29,37,548,539,0,0,0
2297.5719611255,34,8430,35,87,65,1032,F,51,29,0,0,0,33,505,495
2297.731674158,34,8589,40,87,65,1016,F,51,29,36,480,466,0,0,0
2297.8922782805,34,8751,36,87,65,1012,F,51,29,36,488,470,0,0,0
2298.0528969595,34,8911,37,87,65,1020,F,51,29,37,531,524,0,0,0
2298.2126428564998,34,9070,36,87,65,1036,F,51,29,37,586,572,0,0,0
2298.3725173465,34,9231,36,87,65,1028,F,51,29,0,0,0,35,528,512
2298.532779205,34,9391,36,87,65,1024,F,51,29,39,415,400,0,0,0
2298.692584216,34,9551,35,87,65,1032,F,51,29,0,0,0,35,413,398
2298.855007184,34,9714,38,87,65,1036,F,51,29,0,0,0,35,388,377
2299.0146833675,34,9873,36,87,65,1016,F,51,29,36,394,348,0,0,0
2299.1754798585,34,10034,36,87,65,1016,F,51,29,37,422,413,0,0,0
2299.335003048,34,10194,37,87,65,1028,F,51,29,0,0,0,35,422,417
2299.494725638,34,10354,36,87,65,1020,F,51,29,36,506,482,0,0,0
2299.6539823445,34,10513,36,87,65,1016,F,51,29,37,492,490,0,0,0
2299.8425593315,34,10702,35,87,65,1036,F,51,29,0,0,0,35,496,475
2300.002192963,34,10861,39,87,65,1012,F,51,29,37,432,418,0,0,0
2300.16144631,34,11020,40,87,65,1016,F,51,29,36,416,400,0,0,0
2300.3210108275,34,11180,37,87,65,1012,F,51,29,36,486,484,0,0,0
2300.4801592535,34,11340,36,87,65,1016,F,51,29,39,506,495,0,0,0
2300.6402807215,34,11500,36,87,65,1028,F,51,29,0,0,0,36,543,520
2300.8005106265,34,11659,36,87,65,1020,F,51,29,37,617,593,0,0,0
2300.9901419055,34,11849,36,87,65,1012,F,51,29,38,515,506,0,0,0
2301.1508790215003,34,12010,36,87,65,1028,F,51,29,0,0,0,34,503,487
2301.3107798915,34,12170,36,87,65,1012,F,51,29,36,461,447,0,0,0
2301.470040765,34,12329,35,87,65,1044,F,51,29,38,481,466,0,0,0
2301.6300114525,34,12490,36,87,65,1016,F,51,29,37,522,510,0,0,0
2301.7893500595,34,12650,42,87,65,1028,F,51,29,0,0,0,35,557,542
2301.9494680380003,34,12810,35,87,65,1032,F,51,29,0,0,0,34,524,503
2302.139083041,34,12999,38,87,65,1024,F,51,29,37,521,514,0,0,0
2302.298217951,34,13158,36,87,65,1016,F,51,29,44,512,507,0,0,0
2302.458814573,34,13319,36,87,65,1012,F,51,29,36,527,503,0,0,0
2302.618693751,34,13479,36,87,65,1012,F,51,29,36,438,424,0,0,0
2302.778805375,34,13639,37,87,65,1012,F,51,29,36,520,485,0,0,0
2302.9386825994998,34,13799,36,87,65,1008,F,51,29,37,500,491,0,0,0
2303.098564772,34,13959,36,87,65,1028,F,51,29,0,0,0,34,470,459
2303.257893093,34,14119,36,87,65,1016,F,51,29,37,512,498,0,0,0
2303.4177960465004,34,14279,36,87,65,1032,F,51,29,0,0,0,34,472,457
2303.5768508009996,34,14438,36,87,65,1016,F,51,29,36,581,561,0,0,0
2303.7663444239997,34,14627,43,87,65,1048,F,51,29,36,560,505,0,0,0
2303.9255153235,34,14786,43,87,65,1016,F,51,29,37,568,553,0,0,0
2304.0851079394997,34,14946,38,87,65,1012,F,51,29,36,468,455,0,0,0
2304.2446686815,34,15105,39,87,65,1016,F,51,29,41,419,386,0,0,0
2304.4041564279996,34,15266,39,87,65,1024,F,51,29,0,0,0,36,406,398
2304.5647557845004,34,15426,41,87,65,1008,F,51,29,38,513,499,0,0,0
2304.723960825,34,15585,48,87,65,1028,T,51,29,0,0,0,37,522,516
2304.9143218395,35,115,62,87,82,1032,F,33,29,0,0,0,37,510,497
2305.1500559245,35,351,48,87,82,1032,F,33,29,0,0,0,39,650,633
2305.3245130550004,35,525,51,87,82,1020,F,33,29,82,527,523,0,0,0
2305.493575341,35,694,42,87,82,1024,F,33,29,0,0,0,59,581,575
2305.6654498795,35,866,37,87,82,1024,F,33,29,0,0,0,46,502,484
2305.841261535,35,1042,37,87,82,1032,F,33,29,0,0,0,50,563,554
2306.0104936899997,35,1211,36,87,82,1036,F,33,29,43,561,547,0,0,0
2306.1915731070003,35,1393,37,87,82,1024,F,33,29,0,0,0,38,623,609
2306.3666194795,35,1568,39,87,82,1036,F,33,29,0,0,0,36,682,680
2306.571849045,35,1773,43,87,82,1020,F,33,29,39,657,639,0,0,0
2306.7521766170003,35,1954,41,87,82,1036,F,33,29,0,0,0,37,543,539
2306.934263035,35,2136,39,87,82,1032,F,33,29,0,0,0,40,429,419
2307.121098337,35,2322,38,87,82,1032,F,33,29,0,0,0,38,468,442
2307.3056880510003,35,2507,35,87,82,1024,F,33,29,0,0,0,39,449,428
2307.4880443370002,35,2690,36,87,82,1020,F,33,29,41,418,410,0,0,0
2307.66682137,35,2869,36,87,82,1012,F,33,29,37,455,451,0,0,0
2307.849402629,35,3051,36,87,82,1012,F,33,29,36,554,535,0,0,0
2308.0314472765003,35,3233,36,87,82,1012,F,33,29,36,581,558,0,0,0
2308.2062366965,35,3408,36,87,82,1008,F,33,29,0,0,0,34,502,487
2308.385760757,35,3588,36,87,82,1012,F,33,29,36,588,533,0,0,0
2308.5669730385,35,3769,36,87,82,1020,F,33,29,37,600,596,0,0,0
2308.739584761,35,3942,36,87,82,1024,F,33,29,0,0,0,35,654,583
2308.9002272420003,35,4103,37,87,82,1012,F,33,29,37,626,618,0,0,0
2309.061549486,35,4263,36,87,82,1016,F,33,29,36,532,482,0,0,0
2309.2220981914998,35,4425,36,87,82,1028,F,33,29,0,0,0,34,474,464
2309.3823250494997,35,4585,36,87,82,1012,F,33,29,39,444,442,0,0,0
2309.542050504,35,4745,36,87,82,1024,F,33,29,0,0,0,35,420,404
2309.701686037,35,4904,36,87,82,1012,F,33,29,36,442,428,0,0,0
2309.8614522985,35,5064,36,87,82,1028,F,33,29,0,0,0,34,481,468
2310.0213018410004,35,5224,36,87,82,1012,F,33,29,36,563,549,0,0,0
2310.1830335095,35,5386,36,87,82,1112,F,33,29,36,543,494,0,0,0
2310.3428458645003,35,5545,36,87,82,1016,F,33,29,37,556,542,0,0,0
2310.502614027,35,5705,36,87,82,1016,F,33,29,36,443,429,0,0,0
2310.6622645859998,35,5865,37,87,82,1008,F,33,29,36,503,472,0,0,0
2310.8217630625,35,6024,36,87,82,1016,F,33,29,36,426,413,0,0,0
2310.981591667,35,6185,35,87,82,1040,F,33,29,0,0,0,34,478,467
2311.141007383,35,6344,36,87,82,1016,F,33,29,37,512,498,0,0,0
2311.3017213744997,35,6505,36,87,82,1032,F,33,29,0,0,0,35,547,532
2311.461294981,35,6664,39,87,82,1020,F,33,29,37,421,418,0,0,0
2311.6208732220002,35,6825,38,87,82,1032,F,33,29,0,0,0,35,435,391
2311.7803348235,35,6984,36,87,82,1028,F,33,29,44,437,425,0,0,0
2311.9399746275003,35,7143,36,87,82,1016,F,33,29,42,442,426,0,0,0
2312.1008874460003,35,7305,36,87,82,1028,F,33,29,0,0,0,35,417,414
2312.260818472,35,7464,36,87,82,1036,F,33,29,37,502,498,0,0,0
2312.4203639015,35,7624,38,87,82,1012,F,33,29,37,561,549,0,0,0
2312.580655447,35,7785,36,87,82,1028,F,33,29,0,0,0,35,603,531
2312.7405279055,35,7945,38,87,82,1040,F,33,29,0,0,0,35,519,504
2312.8996491959997,35,8103,36,87,82,1020,F,33,29,37,610,597,0,0,0
2313.0598561585,35,8264,37,87,82,1032,F,33,29,0,0,0,36,537,522
2313.222009857,35,8426,37,87,82,1020,F,33,29,40,526,518,0,0,0
2313.381154611,35,8585,36,87,82,1020,F,33,29,37,497,494,0,0,0
2313.5406991025,35,8745,35,87,82,1036,F,33,29,0,0,0,34,481,463
2313.7008364040003,35,8905,36,87,82,1012,F,33,29,37,511,494,0,0,0
2313.8902785685004,35,9095,35,87,82,1036,F,33,29,36,481,467,0,0,0
2314.0514778445,35,9256,36,87,82,1032,F,33,29,0,0,0,35,537,522
2314.2116563175,35,9417,36,87,82,1012,F,33,29,36,569,522,0,0,0
2314.371810858,35,9577,35,87,82,1032,F,33,29,0,0,0,33,477,463
2314.531650479,35,9737,35,87,82,1028,F,33,29,0,0,0,34,468,466
2314.6914336934997,35,9897,36,87,82,1012,F,33,29,36,441,427,0,0,0
2314.851084356,35,10056,36,87,82,1028,F,33,29,0,0,0,35,510,495
2315.010121663,35,10215,36,87,82,1012,F,33,29,36,496,479,0,0,0
2315.169966726,35,10375,36,87,82,1036,F,33,29,0,0,0,35,524,508
2315.3342399454996,35,10539,36,87,82,1024,F,33,29,0,0,0,34,474,453
2315.493621625,35,10699,37,87,82,1032,F,33,29,0,0,0,35,541,526
2315.6538463485,35,10859,36,87,82,1012,F,33,29,36,606,592,0,0,0
2315.8133214130003,35,11019,38,87,82,1040,F,33,29,0,0,0,35,557,541
2315.972909342,35,11178,36,87,82,1016,F,33,29,36,599,586,0,0,0
2316.1324334435003,35,11337,36,87,82,1016,F,33,29,36,552,478,0,0,0
2316.3234264085004,35,11529,36,87,82,1016,F,33,29,36,472,458,0,0,0
2316.4839498795,35,11690,36,87,82,1036,F,33,29,0,0,0,35,456,441
2316.642943671,35,11848,36,87,82,1016,F,33,29,37,379,376,0,0,0
2316.8022827465,35,12008,35,87,82,1028,F,33,29,0,0,0,34,465,451
2316.9621891634997,35,12168,36,87,82,1012,F,33,29,42,543,537,0,0,0
2317.122343184,35,12328,39,87,82,1016,F,33,29,36,591,576,0,0,0
2317.2818806699997,35,12488,36,87,82,1032,F,33,29,0,0,0,35,688,673
2317.4412769855,35,12647,34,87,82,1044,F,33,29,0,0,0,35,537,521
2317.601142491,35,12807,35,87,82,1028,F,33,29,0,0,0,35,566,529
2317.7611155225,35,12968,38,87,82,1040,F,33,29,0,0,0,34,455,444
2317.9205719154997,35,13126,36,87,82,1012,F,33,29,37,531,528,0,0,0
2318.080349765,35,13286,36,87,82,1008,F,33,29,36,499,475,0,0,0
2318.2397092319998,35,13446,36,87,82,1008,F,33,29,39,537,518,0,0,0
2318.4555163,35,13687,36,87,82,1012,F,33,29,37,478,466,0,0,0
2318.6427531110003,35,13850,36,87,82,1028,F,33,29,0,0,0,35,422,407
2318.8021629415,35,14008,37,87,82,1020,F,33,29,36,455,388,0,0,0
2318.961398398,35,14169,36,87,82,1028,F,33,29,0,0,0,36,462,455
2319.1211055975,35,14328,38,87,82,1020,F,33,29,36,429,416,0,0,0
2319.2805977975,35,14488,35,87,82,1040,F,33,29,0,0,0,35,546,531
2319.4402799970003,35,14648,35,87,82,1032,F,33,29,0,0,0,35,497,481
2319.6002017524997,35,14808,37,87,82,1040,F,33,29,0,0,0,35,451,436
2319.7640888805,35,14972,36,87,82,1028,F,33,29,0,0,0,34,466,450
2319.924074073,35,15132,37,87,82,1024,F,33,29,36,484,478,0,0,0
2320.083177759,35,15290,37,87,82,1016,F,33,29,39,526,511,0,0,0
2320.2429028224997,35,15451,35,87,82,1024,F,33,29,0,0,0,36,561,538
2320.4027238500003,35,15610,36,87,82,1016,F,33,29,38,557,547,0,0,0
2320.562576569,35,15770,39,87,82,1016,F,33,29,36,596,582,0,0,0
2320.7221429875,35,15930,37,87,82,1032,F,33,29,0,0,0,35,573,488
2320.8814066995,35,16089,36,87,82,1016,F,33,29,36,574,561,0,0,0
2321.0418006145,35,16250,36,87,82,1032,F,33,29,0,0,0,34,625,605
2321.200916774,35,16409,36,87,82,1032,F,33,29,0,0,0,36,544,536
2321.3613626685,35,16569,37,87,82,1032,F,33,29,37,589,575,0,0,0
2321.5208323685,35,16729,37,87,82,1008,F,33,29,36,488,470,0,0,0
2321.681096492,35,16889,36,87,82,1036,F,33,29,0,0,0,34,458,449
2321.8402843185,35,17049,37,87,82,1028,F,33,29,0,0,0,35,432,411
2321.9994057395,35,17208,39,87,82,1036,F,33,29,0,0,0,35,464,442
2322.1591774175004,35,17368,40,87,82,1048,F,33,29,39,426,418,0,0,0
2322.3187183415002,35,17527,44,87,82,1048,F,33,29,38,485,469,0,0,0
2322.5382865379997,35,17747,49,87,82,1032,T,33,29,39,542,537,0,0,0
2322.6979684770004,35,17906,59,87,82,1024,T,33,29,0,0,0,36,682,665
2322.883718732,37,128,62,87,80,1024,F,41,29,44,629,615,0,0,0
2323.0932051785003,37,338,47,87,80,1032,F,41,29,48,720,703,0,0,0
2323.2679666045,37,513,41,87,80,1032,F,41,29,0,0,0,41,569,560
2323.476864929,37,722,42,87,80,1020,F,41,29,62,617,607,0,0,0
2323.656801409,37,902,40,87,80,1032,F,41,29,0,0,0,43,558,544
2323.8274298335,37,1072,36,87,80,1028,F,41,29,0,0,0,39,652,636
2324.00898917,37,1254,37,87,80,1028,F,41,29,0,0,0,39,629,627
2324.191057255,37,1437,36,87,80,1032,F,41,29,0,0,0,39,695,678
2324.3757432704997,37,1621,37,87,80,1020,F,41,29,41,752,746,0,0,0
2324.5574413305003,37,1803,36,87,80,1020,F,41,29,40,511,496,0,0,0
2324.7395274620003,37,1985,36,87,80,1016,F,41,29,37,389,380,0,0,0
2324.9207408115,37,2166,35,87,80,1036,F,41,29,0,0,0,36,457,430
2325.1023487935,37,2348,36,87,80,1028,F,41,29,0,0,0,35,464,452
2325.2813346535004,37,2527,38,87,80,1020,F,41,29,36,491,478,0,0,0
2325.4605922825,37,2706,35,87,80,1028,F,41,29,36,558,535,0,0,0
2325.6463714695,37,2892,38,87,80,1020,F,41,29,37,475,460,0,0,0
2325.831353447,37,3078,35,87,80,1036,F,41,29,0,0,0,33,520,509
2326.0162665965,37,3262,37,87,80,1012,F,41,29,37,565,556,0,0,0
2326.199527775,37,3446,36,87,80,1024,F,41,29,37,617,611,0,0,0
2326.3811627104997,37,3628,36,87,80,1020,F,41,29,37,595,590,0,0,0
2326.5500866375,37,3796,38,87,80,1012,F,41,29,37,461,447,0,0,0
2326.710176257,37,3957,36,87,80,1016,F,41,29,37,454,441,0,0,0
2326.900600865,37,4147,36,87,80,1008,F,41,29,36,476,463,0,0,0
2327.0895480325,37,4336,36,87,80,1012,F,41,29,39,559,545,0,0,0
2327.24984351,37,4496,37,87,80,1012,F,41,29,36,619,538,0,0,0
2327.4094868035,37,4656,36,87,80,1036,F,41,29,0,0,0,35,575,560
2327.5988052704997,37,4846,41,87,80,1032,F,41,29,0,0,0,34,509,492
2327.7607060275,37,5008,37,87,80,1036,F,41,29,0,0,0,37,431,421
2327.9201459365004,37,5166,37,87,80,1028,F,41,29,37,529,525,0,0,0
2328.0802487325,37,5327,36,87,80,1028,F,41,29,0,0,0,41,521,501
2328.2405212935,37,5488,36,87,80,1016,F,41,29,38,567,553,0,0,0
2328.3995718554997,37,5647,36,87,80,1032,F,41,29,0,0,0,36,551,518
2328.5587802025,37,5806,36,87,80,1032,F,41,29,0,0,0,34,456,454
2328.7176859994997,37,5965,36,87,80,1012,F,41,29,36,432,417,0,0,0
2328.8773765325,37,6125,36,87,80,1016,F,41,29,36,480,474,0,0,0
2329.038877395,37,6286,39,87,80,1008,F,41,29,37,517,513,0,0,0
2329.1981351169998,37,6446,37,87,80,1016,F,41,29,38,560,552,0,0,0
2329.357346355,37,6604,36,87,80,1016,F,41,29,36,591,578,0,0,0
2329.5170754035,37,6765,37,87,80,1028,F,41,29,0,0,0,34,463,446
2329.6772980425003,37,6925,38,87,80,1008,F,41,29,0,0,0,34,464,445
2329.8367174044997,37,7085,35,87,80,1032,F,41,29,0,0,0,35,462,443
2329.996207183,37,7244,36,87,80,1016,F,41,29,38,513,509,0,0,0
2330.1564786239996,37,7405,35,87,80,1028,F,41,29,0,0,0,35,541,536
2330.316814831,37,7565,37,87,80,1012,F,41,29,36,597,583,0,0,0
2330.4760477094997,37,7724,36,87,80,1012,F,41,29,37,589,584,0,0,0
2330.635620326,37,7884,36,87,80,1008,F,41,29,0,0,0,35,424,360
2330.7949118240003,37,8043,36,87,80,1004,F,41,29,36,433,419,0,0,0
2330.9536994965,37,8202,35,87,80,1028,F,41,29,0,0,0,34,461,441
2331.1131380244997,37,8361,36,87,80,1012,F,41,29,37,516,501,0,0,0
2331.272771318,37,8522,36,87,80,1028,F,41,29,0,0,0,34,453,443
2331.4328336979997,37,8681,35,87,80,1032,F,41,29,0,0,0,34,461,441
2331.592187071,37,8840,36,87,80,1012,F,41,29,37,379,365,0,0,0
2331.752005103,37,9000,37,87,80,1012,F,41,29,37,430,418,0,0,0
2331.9133110185,37,9162,36,87,80,1004,F,41,29,36,428,414,0,0,0
2332.0725293135,37,9322,35,87,80,1032,F,41,29,0,0,0,34,457,442
2332.2322478670003,37,9481,36,87,80,1012,F,41,29,37,450,443,0,0,0
2332.3916352759998,37,9641,35,87,80,1036,F,41,29,0,0,0,34,455,444
2332.5516073695,37,9800,36,87,80,1012,F,41,29,36,488,472,0,0,0
2332.710831915,37,9960,36,87,80,1012,F,41,29,36,443,430,0,0,0
2332.870818306,37,10120,36,87,80,1016,F,41,29,36,493,491,0,0,0
2333.345096176,37,10594,36,87,80,1016,F,41,29,36,597,584,0,0,0
2333.5528812765,37,10803,37,87,80,1024,F,41,29,0,0,0,35,522,507
2333.7123620965003,37,10962,35,87,80,1032,F,41,29,0,0,0,35,423,408
2333.8719105985,37,11122,41,87,80,1020,F,41,29,42,418,400,0,0,0
2334.040207054,37,11290,36,87,80,1040,F,41,29,0,0,0,34,461,447
2334.2006201619997,37,11450,37,87,80,1020,F,41,29,43,408,387,0,0,0
2334.3617637605003,37,11612,36,87,80,1016,F,41,29,36,436,431,0,0,0
2334.5220148895,37,11772,37,87,80,1012,F,41,29,36,487,485,0,0,0
2334.681590501,37,11932,36,87,80,1016,F,41,29,38,496,486,0,0,0
2334.8417884265,37,12092,36,87,80,1012,F,41,29,36,518,482,0,0,0
2335.002335778,37,12253,36,87,80,1012,F,41,29,37,510,499,0,0,0
2335.163662762,37,12414,35,87,80,1036,F,41,29,0,0,0,35,550,534
2335.324017979,37,12575,36,87,80,1032,F,41,29,0,0,0,34,475,459
2335.484420956,37,12735,39,87,80,1012,F,41,29,36,552,479,0,0,0
2335.644585627,37,12895,37,87,80,1020,F,41,29,37,557,532,0,0,0
2335.8065886229997,37,13058,36,87,80,1032,F,41,29,0,0,0,34,636,618
2335.968045606,37,13219,35,87,80,1040,F,41,29,0,0,0,35,553,533
2336.129113293,37,13379,36,87,80,1016,F,41,29,36,615,600,0,0,0
2336.2894352555,37,13541,36,87,80,1032,F,41,29,0,0,0,34,474,468
2336.4506128645,37,13701,38,87,80,1016,F,41,29,37,527,518,0,0,0
2336.610774072,37,13862,37,87,80,1028,F,41,29,0,0,0,34,478,464
2336.770195022,37,14021,39,87,80,1012,F,41,29,38,446,433,0,0,0
2336.9309354455,37,14182,40,87,80,1008,F,41,29,39,405,390,0,0,0
2337.12217841,37,14374,40,87,80,1032,F,41,29,0,0,0,36,481,476
2337.2821317015,37,14533,43,87,80,1004,F,41,29,39,466,452,0,0,0
2337.4427160585,37,14694,44,87,80,1032,F,41,29,0,0,0,39,531,515
2337.6023387265,37,14854,54,87,80,1040,T,41,29,41,501,480,0,0,0
2337.7627158964997,38,53,69,87,79,1024,F,33,29,0,0,0,39,635,615
2337.985980508,39,178,56,87,84,1032,F,67,29,0,0,0,45,620,618
2338.224451507,39,416,44,87,84,1024,F,67,29,52,721,702,0,0,0
2338.4029754415,39,594,40,87,84,1032,F,67,29,84,596,591,0,0,0
2338.577229787,39,769,40,87,84,1024,F,67,29,0,0,0,43,442,427
2338.7513471795,39,944,36,87,84,1032,F,67,29,0,0,0,40,519,508
2338.9218059430004,39,1114,37,87,84,1028,F,67,29,0,0,0,39,563,543
2339.0927783505003,39,1285,38,87,84,1024,F,67,29,0,0,0,39,591,587
2339.2714670240002,39,1464,36,87,84,1028,F,67,29,0,0,0,34,503,490
2339.4538523205,39,1646,36,87,84,1244,F,67,29,39,388,384,0,0,0
2339.636103998,39,1829,37,87,84,1032,F,67,29,0,0,0,36,397,367
2339.8591986885,39,2091,35,87,84,1036,F,67,29,0,0,0,35,484,470
2340.078111966,39,2271,36,87,84,1028,F,67,29,0,0,0,36,517,502
2340.2588314375,39,2451,37,87,84,1016,F,67,29,39,553,539,0,0,0
2340.4407190805,39,2633,37,87,84,1020,F,67,29,39,617,611,0,0,0
2340.6489277205,39,2842,36,87,84,1020,F,67,29,37,527,512,0,0,0
2340.828614905,39,3022,35,87,84,1028,F,67,29,0,0,0,34,559,543
2341.0074610515,39,3201,35,87,84,1032,F,67,29,0,0,0,35,511,491
2341.1868811015,39,3380,37,87,84,1012,F,67,29,37,554,530,0,0,0
2341.366282454,39,3559,36,87,84,1020,F,67,29,36,539,524,0,0,0
2341.5470580445,39,3741,36,87,84,1016,F,67,29,37,503,497,0,0,0
2341.728025978,39,3921,38,87,84,1020,F,67,29,38,501,474,0,0,0
2341.8885470795003,39,4082,37,87,84,1024,F,67,29,39,445,431,0,0,0
2342.048702011,39,4242,37,87,84,1008,F,67,29,0,0,0,35,418,405
2342.2090950405,39,4403,36,87,84,1024,F,67,29,0,0,0,34,473,471
2342.370338691,39,4564,36,87,84,1032,F,67,29,0,0,0,35,458,436
2342.531099088,39,4725,38,87,84,1028,F,67,29,0,0,0,35,393,386
2342.6913088114998,39,4885,36,87,84,1016,F,67,29,36,484,470,0,0,0
2342.8512653320004,39,5045,36,87,84,1008,F,67,29,37,490,477,0,0,0
2343.011337764,39,5205,39,87,84,1016,F,67,29,39,525,510,0,0,0
2343.171215171,39,5365,35,87,84,1032,F,67,29,0,0,0,35,560,544
2343.3623417030003,39,5557,35,87,84,1032,F,67,29,36,547,505,0,0,0
2343.552960894,39,5747,35,87,84,1036,F,67,29,0,0,0,34,525,507
2343.7132147310003,39,5907,36,87,84,1012,F,67,29,36,499,485,0,0,0
2343.8733716415,39,6067,36,87,84,1016,F,67,29,36,429,414,0,0,0
2344.0637702084996,39,6259,36,87,84,1032,F,67,29,0,0,0,34,498,480
2344.2236579795,39,6418,37,87,84,1008,F,67,29,37,519,511,0,0,0
2344.3837718960003,39,6579,35,87,84,1036,F,67,29,0,0,0,35,556,541
2344.543900968,39,6738,36,87,84,1020,F,67,29,37,529,515,0,0,0
2344.703754052,39,6899,35,87,84,1032,F,67,29,0,0,0,34,470,464
2344.8640884614997,39,7059,36,87,84,1032,F,67,29,0,0,0,34,473,465
2345.0234332145,39,7218,36,87,84,1016,F,67,29,36,448,434,0,0,0
2345.1829026545,39,7378,35,87,84,1044,F,67,29,0,0,0,35,483,462
2345.3748569695,39,7570,36,87,84,1028,F,67,29,0,0,0,35,461,458
2345.5342835185,39,7730,36,87,84,1016,F,67,29,36,566,521,0,0,0
2345.694169415,39,7889,36,87,84,1016,F,67,29,37,567,548,0,0,0
2345.8537526564996,39,8049,36,87,84,1020,F,67,29,37,609,603,0,0,0
2346.0131594144996,39,8209,35,87,84,1036,F,67,29,0,0,0,34,477,452
2346.172853723,39,8369,36,87,84,1020,F,67,29,38,418,402,0,0,0
2346.3328129005,39,8528,36,87,84,1120,F,67,29,37,478,476,0,0,0
2346.4919591905,39,8688,37,87,84,1016,F,67,29,38,541,533,0,0,0
2346.650989596,39,8846,37,87,84,1020,F,67,29,37,595,579,0,0,0
2346.8106254675004,39,9006,35,87,84,1036,F,67,29,0,0,0,35,518,503
2346.971391985,39,9167,36,87,84,1012,F,67,29,37,515,494,0,0,0
2347.161047482,39,9357,36,87,84,1112,F,67,29,36,477,454,0,0,0
2347.3206365825,39,9517,38,87,84,1020,F,67,29,0,0,0,34,493,478
2347.4800312315,39,9676,36,87,84,1020,F,67,29,39,514,504,0,0,0
2347.63982968,39,9836,35,87,84,1044,F,67,29,0,0,0,35,520,504
2347.7995612805,39,9995,36,87,84,1020,F,67,29,36,608,594,0,0,0
2347.9591381415003,39,10156,37,87,84,1036,F,67,29,0,0,0,34,553,532
2348.119029897,39,10315,38,87,84,1016,F,67,29,36,606,593,0,0,0
2348.307765477,39,10504,38,87,84,1028,F,67,29,36,584,516,0,0,0
2348.4686747799997,39,10665,36,87,84,1016,F,67,29,39,447,433,0,0,0
2348.628426015,39,10825,36,87,84,1032,F,67,29,0,0,0,35,451,442
2348.7886094625,39,10985,36,87,84,1008,F,67,29,41,493,482,0,0,0
2348.948258745,39,11145,36,87,84,1028,F,67,29,0,0,0,35,522,508
2349.137969789,39,11335,36,87,84,1012,F,67,29,36,621,607,0,0,0
2349.3272121894997,39,11524,36,87,84,1012,F,67,29,36,573,531,0,0,0
2349.4863361360003,39,11684,35,87,84,1028,F,67,29,0,0,0,34,523,500
2349.6458849765,39,11843,36,87,84,1052,F,67,29,36,575,508,0,0,0
2349.804987309,39,12002,35,87,84,1024,F,67,29,0,0,0,35,551,536
2349.965349349,39,12162,36,87,84,1020,F,67,29,36,524,511,0,0,0
2350.1555639059998,39,12353,38,87,84,1016,F,67,29,36,576,525,0,0,0
2350.3447675565003,39,12542,37,87,84,1024,F,67,29,0,0,0,33,498,491
2350.5039895235,39,12702,36,87,84,1036,F,67,29,0,0,0,34,521,498
2350.6639517215,39,12862,36,87,84,1032,F,67,29,0,0,0,35,453,446
2350.8231598345,39,13021,36,87,84,1032,F,67,29,0,0,0,35,419,374
2350.983193152,39,13180,36,87,84,1016,F,67,29,37,418,413,0,0,0
2351.1430811575,39,13341,37,87,84,1012,F,67,29,36,488,467,0,0,0
2351.3032563755,39,13501,36,87,84,1016,F,67,29,37,513,506,0,0,0
2351.4627203985,39,13660,36,87,84,1020,F,67,29,36,532,486,0,0,0
2351.6223011145,39,13821,36,87,84,1020,F,67,29,37,516,493,0,0,0
2351.781314098,39,13979,36,87,84,1016,F,67,29,37,421,418,0,0,0
2351.940829657,39,14139,36,87,84,1032,F,67,29,0,0,0,34,472,467
2352.10023829,39,14299,36,87,84,1112,F,67,29,37,497,486,0,0,0
2352.2594194764997,39,14458,35,87,84,1040,F,67,29,0,0,0,35,528,513
2352.449463774,39,14648,36,87,84,1028,F,67,29,0,0,0,34,505,487
2352.6088765995,39,14808,36,87,84,1032,F,67,29,0,0,0,34,502,487
2352.768426039,39,14967,36,87,84,1028,F,67,29,0,0,0,36,589,574
2352.9276997244997,39,15127,38,87,84,1032,F,67,29,0,0,0,35,572,557
2353.0873273409998,39,15286,41,87,84,1008,F,67,29,37,577,536,0,0,0
2353.2468664935004,39,15445,46,87,84,1024,T,67,29,0,0,0,35,625,602
2353.406318746,39,15605,55,87,84,1036,T,67,29,38,644,641,0,0,0
2353.5790254425,39,15778,60,87,84,1028,T,67,29,39,699,685,0,0,0
2353.7477060635,40,67,66,87,81,1024,F,33,29,48,542,535,0,0,0
2353.976492915,41,174,47,87,69,1032,F,52,29,0,0,0,61,498,492
2354.1692696475,41,366,44,87,69,1036,F,52,29,63,598,583,0,0,0
2354.3497297715003,41,547,42,87,69,1024,F,52,29,81,672,666,0,0,0
2354.5208264745,41,718,43,87,69,1016,F,52,29,54,618,616,0,0,0
2354.692083672,41,890,40,87,69,1028,F,52,29,0,0,0,38,509,497
2354.8713500510003,41,1069,36,87,69,1036,F,52,29,0,0,0,41,427,412
2355.054595552,41,1252,37,87,69,1028,F,52,29,0,0,0,39,455,429
2355.235919864,41,1434,37,87,69,1020,F,52,29,0,0,0,36,394,384
2355.4181946930003,41,1616,35,87,69,1036,F,52,29,0,0,0,36,359,345
2355.596825163,41,1795,36,87,69,1024,F,52,29,39,423,418,0,0,0
2355.7802485800003,41,1978,36,87,69,1016,F,52,29,37,441,438,0,0,0
2355.9598052185,41,2158,36,87,69,1016,F,52,29,36,395,366,0,0,0
2356.1400133115003,41,2338,36,87,69,1032,F,52,29,0,0,0,35,421,406
2356.320778538,41,2519,38,87,69,1012,F,52,29,36,504,490,0,0,0
2356.5022986040003,41,2701,35,87,69,1024,F,52,29,0,0,0,35,587,571
2356.6827818525,41,2881,36,87,69,1008,F,52,29,37,492,476,0,0,0
2356.8622068765,41,3061,35,87,69,1024,F,52,29,0,0,0,35,499,474
2357.042901426,41,3241,37,87,69,1020,F,52,29,36,495,480,0,0,0
2357.2149358075,41,3413,39,87,69,1012,F,52,29,36,558,524,0,0,0
2357.3746571995,41,3574,36,87,69,1028,F,52,29,0,0,0,35,541,525
2357.5344425490002,41,3733,35,87,69,1036,F,52,29,0,0,0,34,655,635
2357.724006797,41,3923,36,87,69,1024,F,52,29,0,0,0,34,491,485
2357.8835575905,41,4083,36,87,69,1032,F,52,29,0,0,0,33,482,467
2358.0436513765,41,4243,38,87,69,1028,F,52,29,0,0,0,36,401,359
2358.2032468315,41,4402,37,87,69,1020,F,52,29,37,376,354,0,0,0
2358.3625628605,41,4562,39,87,69,1020,F,52,29,37,387,384,0,0,0
2358.521978603,41,4721,37,87,69,1004,F,52,29,38,378,375,0,0,0
2358.7144451804998,41,4914,36,87,69,1032,F,52,29,0,0,0,35,332,320
2358.874178708,41,5074,37,87,69,1024,F,52,29,0,0,0,36,406,390
2359.033596846,41,5232,38,87,69,1008,F,52,29,37,430,408,0,0,0
2359.1928152194996,41,5392,38,87,69,1004,F,52,29,37,507,504,0,0,0
2359.3523029405,41,5552,39,87,69,1008,F,52,29,38,499,482,0,0,0
2359.512209566,41,5712,37,87,69,1024,F,52,29,0,0,0,37,362,360
2359.6725571790003,41,5873,36,87,69,1028,F,52,29,0,0,0,35,428,417
2359.8326325535,41,6032,36,87,69,1028,F,52,29,0,0,0,35,475,455
2359.992815662,41,6193,36,87,69,1016,F,52,29,37,560,546,0,0,0
2360.153478273,41,6354,37,87,69,1008,F,52,29,37,545,542,0,0,0
2360.3131882324997,41,6513,37,87,69,1008,F,52,29,37,426,423,0,0,0
2360.4731701700002,41,6673,36,87,69,1192,F,52,29,37,382,378,0,0,0
2360.6325347405,41,6833,36,87,69,1024,F,52,29,0,0,0,35,405,403
2360.794313389,41,6995,40,87,69,1036,F,52,29,0,0,0,36,432,413
2360.954291472,41,7155,41,87,69,1012,F,52,29,36,451,436,0,0,0
2361.114551794,41,7315,37,87,69,1028,F,52,29,0,0,0,36,427,413
2361.273931963,41,7475,36,87,69,1028,F,52,29,0,0,0,37,400,385
2361.4337866615,41,7634,35,87,69,1036,F,52,29,38,423,410,0,0,0
2361.5929248009998,41,7793,36,87,69,1008,F,52,29,36,451,437,0,0,0
2361.7528044994997,41,7954,37,87,69,1016,F,52,29,37,435,427,0,0,0
2361.9132311225003,41,8114,36,87,69,1016,F,52,29,36,439,424,0,0,0
2362.1320507285,41,8333,35,87,69,1016,F,52,29,0,0,0,35,462,447
2362.294096745,41,8495,42,87,69,1008,F,52,29,36,500,486,0,0,0
2362.483496983,41,8685,36,87,69,1028,F,52,29,0,0,0,35,516,460
2362.644305896,41,8845,36,87,69,1016,F,52,29,36,472,458,0,0,0
2362.804750644,41,9005,36,87,69,1028,F,52,29,37,401,394,0,0,0
2362.9650696895,41,9167,36,87,69,1028,F,52,29,0,0,0,34,467,448
2363.1242260315,41,9326,36,87,69,1024,F,52,29,0,0,0,35,534,519
2363.2840326055,41,9485,36,87,69,1016,F,52,29,36,585,570,0,0,0
2363.443902616,41,9646,36,87,69,1016,F,52,29,36,662,640,0,0,0
2363.6028306785,41,9805,38,87,69,1028,F,52,29,0,0,0,35,627,604
2363.7630308965,41,9964,42,87,69,1008,F,52,29,37,748,735,0,0,0
2363.9225006224997,41,10124,39,87,69,1024,F,52,29,0,0,0,34,625,608
2364.0816529025,41,10284,40,87,69,1024,F,52,29,0,0,0,35,688,667
2364.2410341135,41,10443,39,87,69,1028,F,52,29,0,0,0,35,623,605
2364.4002748825,41,10602,38,87,69,1028,F,52,29,0,0,0,37,455,452
2364.5594440115,41,10761,38,87,69,1192,F,52,29,41,371,365,0,0,0
2364.71872189,41,10920,39,87,69,1016,F,52,29,39,377,371,0,0,0
2364.878362553,41,11081,37,87,69,1032,F,52,29,0,0,0,37,407,396
2365.0380692050003,41,11240,36,87,69,1032,F,52,29,0,0,0,36,465,448
2365.1972919795,41,11399,36,87,69,1016,F,52,29,40,493,473,0,0,0
2365.3573116255,41,11560,35,87,69,1036,F,52,29,0,0,0,35,486,451
2365.5171014025,41,11720,35,87,69,1028,F,52,29,0,0,0,35,491,475
2365.6765800605,41,11879,35,87,69,1032,F,52,29,0,0,0,34,475,459
2365.8369309809996,41,12040,36,87,69,1016,F,52,29,36,488,474,0,0,0
2366.0286146460003,41,12231,36,87,69,1012,F,52,29,36,459,445,0,0,0
2366.189937046,41,12393,36,87,69,1036,F,52,29,0,0,0,34,494,480
2366.3511603055,41,12554,36,87,69,1016,F,52,29,37,532,512,0,0,0
2366.5135293415,41,12716,36,87,69,1016,F,52,29,36,540,474,0,0,0
2366.6735276595,41,12876,37,87,69,1008,F,52,29,37,438,423,0,0,0
2366.835155709,41,13038,36,87,69,1020,F,52,29,37,405,385,0,0,0
2366.996985867,41,13200,35,87,69,1032,F,52,29,0,0,0,35,420,412
2367.157036736,41,13360,36,87,69,1012,F,52,29,38,461,450,0,0,0
2367.3179610915,41,13521,35,87,69,1020,F,52,29,0,0,0,34,478,473
2367.4786674265,41,13682,36,87,69,1016,F,52,29,37,426,417,0,0,0
2367.6387954835,41,13842,35,87,69,1032,F,52,29,0,0,0,35,410,395
2367.7996283805,41,14003,39,87,69,1012,F,52,29,36,369,355,0,0,0
2367.9594840165,41,14163,35,87,69,1036,F,52,29,0,0,0,35,415,410
2368.1193655895,41,14323,35,87,69,1036,F,52,29,0,0,0,35,413,391
2368.2793428655,41,14483,36,87,69,1016,F,52,29,37,406,391,0,0,0
2368.438876706,41,14643,35,87,69,1032,F,52,29,0,0,0,34,464,445
2368.5988077065,41,14803,36,87,69,1016,F,52,29,36,490,470,0,0,0
2368.758258084,41,14962,36,87,69,1016,F,52,29,36,431,417,0,0,0
2368.9180482780002,41,15122,36,87,69,1016,F,52,29,36,489,473,0,0,0
2369.077658368,41,15282,36,87,69,1008,F,52,29,36,433,419,0,0,0
2369.2376660605,41,15442,40,87,69,1012,F,52,29,36,509,475,0,0,0
2369.4287307705,41,15633,34,87,69,1032,F,52,29,0,0,0,34,495,474
2369.589407366,41,15794,35,87,69,1028,F,52,29,0,0,0,34,493,478
2369.7489986279998,41,15954,36,87,69,1008,F,52,29,0,0,0,37,497,481
2369.908143955,41,16113,36,87,69,1016,F,52,29,36,543,524,0,0,0
2370.0675410255,41,16272,36,87,69,1028,F,52,29,0,0,0,35,584,568
2370.2275467649997,41,16432,36,87,69,1016,F,52,29,38,616,602,0,0,0
2370.3868661535,41,16592,35,87,69,1036,F,52,29,0,0,0,35,508,506
2370.575466109,41,16780,36,87,69,1040,F,52,29,0,0,0,33,489,474
2370.7366554365,41,16942,35,87,69,1036,F,52,29,0,0,0,34,488,484
2370.9274712670003,41,17133,35,87,69,1032,F,52,29,0,0,0,34,535,514
2371.088338096,41,17294,36,87,69,1108,F,52,29,36,513,507,0,0,0
2371.24777113,41,17453,36,87,69,1016,F,52,29,37,515,503,0,0,0
2371.4087405625,41,17614,35,87,69,1032,F,52,29,0,0,0,35,513,497
2371.5685695845,41,17773,36,87,69,1036,F,52,29,36,602,588,0,0,0
2371.7277496505003,41,17933,36,87,69,1016,F,52,29,36,543,482,0,0,0
2371.886914665,41,18092,36,87,69,1016,F,52,29,37,533,522,0,0,0
2372.0467045980004,41,18252,36,87,69,1008,F,52,29,36,439,425,0,0,0
2372.207207028,41,18413,36,87,69,1032,F,52,29,0,0,0,34,475,457
2372.366535948,41,18572,36,87,69,1012,F,52,29,36,504,489,0,0,0
2372.5273548605,41,18733,36,87,69,1040,F,52,29,0,0,0,35,539,524
2372.6864530000003,41,18892,35,87,69,1028,F,52,29,0,0,0,34,628,621
2372.874814936,41,19081,40,87,69,1052,F,52,29,0,0,0,34,662,643
2373.035201402,41,19241,36,87,69,1020,F,52,29,0,0,0,34,654,640
2373.1947258165,41,19401,37,87,69,1008,F,52,29,36,629,615,0,0,0
2373.354320229,41,19561,35,87,69,1020,F,52,29,0,0,0,35,461,453
2373.5137151905,41,19720,36,87,69,1108,F,52,29,36,478,473,0,0,0
2373.6732954890003,41,19879,36,87,69,1012,F,52,29,36,429,415,0,0,0
2373.8335310975,41,20040,36,87,69,1012,F,52,29,36,500,471,0,0,0
2373.9929779335,41,20200,36,87,69,1012,F,52,29,37,490,482,0,0,0
2374.181720492,41,20388,35,87,69,1024,F,52,29,0,0,0,35,600,589
2374.3409688395,41,20548,36,87,69,1012,F,52,29,36,700,680,0,0,0
2374.500361665,41,20707,36,87,69,1008,F,52,29,37,587,573,0,0,0
2374.6597693080003,41,20866,36,87,69,1012,F,52,29,36,606,592,0,0,0
2374.8192014045,41,21026,36,87,69,1012,F,52,29,37,494,485,0,0,0
2374.97861048,41,21185,35,87,69,1024,F,52,29,0,0,0,35,576,567
2375.137764531,41,21344,36,87,69,1012,F,52,29,36,672,637,0,0,0
